"FirstName*","LastName","Email*","Phone Number","Designation","Department"
"c16b3","dc6c0","2a1@mailinator.com","4dcfd","f0057","22a9a"
"50a41","42a53","609@mailinator.com","a5063","bd339","691fc"
"30d2c","4274b","3eb@mailinator.com","9e05a","36a21","41fd3"
"77e08","a7a9a","163@mailinator.com","66e6d","632cf","f6d37"
"f0996","b8792","aa4@mailinator.com","0c18b","7174a","3804c"
"f41c1","76f55","028f5@mailinator.com","c3389","d85d1","5acf4"
"40396","ab68e","b8e@mailinator.com","5111d","b4935","88647"
"5a473","9c8bb","959a2@mailinator.com","52a4e","d3a29","702fa"
"3d1cd","84558","9e56a@mailinator.com","d48b9","ae729","f4f2e"
"d45fb","971e8","59979@mailinator.com","5ef5e","9dcdb","8655d"
